{
  "version": 1,
  "disable_existing_loggers": "False",
  "formatters": {
    "standard": {
      "format": "%(asctime)s [%(levelname)s] %(name)s: %(message)s"
    }
  },
  "handlers": {
    "default_handler": {
      "class": "logging.FileHandler",
      "level": "DEBUG",
      "formatter": "standard",
      "filename": "$Filepath",
      "encoding": "utf8"
    }
  },
  "loggers": {
    "": {
      "handlers": ["default_handler"],
      "level": "DEBUG",
      "propagate": "False"
    }
  }
}